"id","city"
ML0002,Bangalore
ML0003,Bangalore
ML0004,Bangalore
ML0005,Bangalore
ML0006,Bangalore
ML0007,Bangalore
ML0008,Mumbai
ML0009,Bangalore
ML0010,Bangalore
ML0011,Bangalore
ML0012,Jaipur
ML0013,Hyderabad
ML0014,Bangalore
ML0015,Bangalore
ML0016,Bangalore
ML0017,Kozhikode
ML0018,Chennai
ML0019,Bangalore
ML0020,Chennai
ML0021,Thrissur
ML0022,Bangalore
ML0023,Delhi
ML0024,Bangalore
ML0025,Lucknow
ML0026,Hyderabad
ML0027,Bangalore
ML0028,Bangalore
ML0029,Bangalore
ML0030,Chennai
ML0031,Bangalore
ML0032,Bangalore
ML0033,Hyderabad
ML0034,Visakhapatnam
ML0035,Bangalore
ML0036,Delhi
ML0037,Bangalore
ML0038,Bangalore
ML0039,Bangalore
ML0040,Banglore
ML0041,Hyderabad
ML0042,Dehradun
ML0043,Bangalore
ML0044,Nagpur
ML0045,Dharwad
ML0046,Bangalore
ML0047,Hyderabad
ML0048,Bhubaneswar
ML0049,Bangalore
ML0050,Durgapur
ML0051,Greater Noida
ML0052,Bangalore
ML0053,Hyderabad
ML0054,Bangalore
ML0055,Pune
ML0056,Raebareli
ML0057,Meerut
ML0058,Ernakulam
ML0059,Hyderabad
ML0060,Pune
ML0061,Delhi
ML0062,Indore
ML0063,Bangalore
ML0064,Hyderabad
ML0065,Bangalore
ML0066,Ajmer
ML0067,Chandigarh
ML0068,Kozhikode
ML0069,Bangalore
ML0070,Bangalore
ML0071,Bangalore
ML0072,Indore
ML0073,Bangalore
ML0074,Banglore
ML0075,Hyderabad
ML0076,Bangalore
ML0077,Bangalore
ML0078,Bangalore
ML0079,Bangalore
ML0080,Hyderabad
ML0081,Delhi
ML0082,Bangalore
ML0083,Jaipur
ML0084,Chennai
ML0085,Bangalore
ML0086,Pune
ML0087,Lucknow
ML0088,Barhampur
ML0089,Bangalore
ML0090,Kolhapur
ML0091,Bangalore
ML0092,Bangalore
ML0093,Bangalore
ML0094,Idupulapaya
ML0095,Bangalore
ML0096,Bangalore
ML0097,Bangalore
ML0098,Pune
ML0099,Bangalore
ML0100,Hyderabad
ML0101,Bangalore
ML0102,Thrissur
ML0103,Bangalore
ML0104,Bangalore
ML0105,Bangalore
ML0106,Bangalore
ML0107,Bangalore
ML0108,Bangalore
ML0109,Bangalore
ML0110,Jalandhar
ML0111,Bangalore
ML0112,Bangalore
ML0113,Hyderabad
ML0114,Bangalore
ML0115,Hyderabad
ML0116,Banglore
ML0117,Bangalore
ML0118,Hyderabad
ML0119,Bangalore
ML0120,Indore
ML0121,Varanasi
ML0122,Kolkata
ML0123,Bangalore
ML0124,Chennai
ML0125,Bangalore
ML0126,Agartala
ML0127,Bangalore
ML0128,Pune
ML0129,Banglore
ML0130,Bangalore
ML0131,Vadodara
ML0132,Bangalore
ML0133,Bangalore
ML0134,Bangalore
ML0135,Ghaziabad
ML0136,Bangalore
ML0137,Mumbai
ML0138,Bangalore
ML0139,Bangalore
ML0140,Chennai
ML0141,Bangalore
ML0142,Bangalore
ML0143,Bangalore
ML0144,Pune
ML0145,Bangalore
ML0146,Bangalore
ML0147,Bangalore
ML0148,Bangalore
ML0149,Kharagpur
ML0150,Bangalore
ML0151,Bangalore
ML0152,Bangalore
ML0153,Bangalore
ML0154,Bangalore
ML0155,Banglore
ML0156,Jaipur
ML0157,Bangalore
ML0158,Dehradun
ML0159,Bangalore
ML0160,Bhubaneswar
ML0161,Bangalore
ML0162,Mangaluru
ML0163,Pune
ML0164,Roorkee
ML0165,Bangalore
ML0166,Delhi
ML0167,Bangalore
ML0168,Bangalore
ML0169,Hyderabad
ML0170,Kolkata
ML0171,Bangalore
ML0172,Hyderabad
ML0173,Coimbatore
ML0174,Bangalore
ML0175,Bangalore
ML0176,Kolkata
ML0177,Hyderabad
ML0178,Chennai
ML0179,Hyderabad
ML0180,Visakhapatnam
ML0181,Bangalore
ML0182,Bangalore
ML0183,Bangalore
ML0184,Bangalore
ML0185,Bangalore
ML0186,Banglore
ML0187,Noida
ML0188,Bangalore
ML0189,Chennai
ML0190,Akola
ML0191,Thane
ML0192,Jalandhar
ML0193,Chennai
ML0194,Bangalore
ML0195,Bangalore
ML0196,Kochi
ML0197,Nashik
ML0198,Bangalore
ML0199,Bangalore
ML0200,Bangalore
ML0201,Bangalore
ML0202,Bangalore
ML0203,Bangalore
ML0204,Bhubaneswar
ML0205,Hyderabad
ML0206,Bangalore
ML0207,Vellore
ML0208,Kochi
ML0209,Agra
ML0210,Bangalore
ML0211,Kozhikode
ML0212,Bangalore
ML0213,Bangalore
ML0214,Bangalore
ML0215,Bangalore
ML0216,Pune
ML0217,Bangalore
ML0218,Delhi
ML0219,Bangalore
ML0220,Thrissur
ML0221,Varanasi
ML0222,Shillong
ML0223,Jaipur
ML0224,Haryana
ML0225,Tezpur
ML0226,Bangalore
ML0227,Bangalore
ML0228,Bangalore
ML0229,Bangalore
ML0230,Mahé
ML0231,Mysuru
ML0232,Bangalore
ML0233,Bangalore
ML0234,Bangalore
ML0235,Chennai
ML0236,Bangalore
ML0237,Bangalore
ML0238,Ranchi
ML0239,Bangalore
ML0240,Bangalore
ML0241,Bangalore
ML0242,Bangalore
ML0243,Bangalore
ML0244,Bangalore
ML0245,Bangalore
ML0246,Namakkal
ML0247,Bangalore
ML0248,Bangalore
ML0249,Kannur
ML0250,Bangalore
ML0251,Kanpur
ML0252,Bangalore
ML0253,Bangalore
ML0254,Bangalore
ML0255,Bangalore
ML0256,Bangalore
ML0257,Bangalore
ML0258,Guwahati
ML0259,Shillong
ML0260,Bangalore
ML0261,Tirupati
ML0262,Bangalore
ML0263,Bangalore
ML0264,Noida
ML0265,Bangalore
ML0266,Walajapet
ML0267,Durg
ML0268,Hyderabad
ML0269,Bangalore
ML0270,Nagpur
ML0271,Kanpur
ML0272,Durgapur
ML0273,Bangalore
ML0274,Delhi
ML0275,Banglore
ML0276,Bangalore
ML0277,Banglore
ML0278,Durg
ML0279,Bangalore
ML0280,Raigarh
ML0281,Bangalore
ML0282,Bangalore
ML0283,Durgapur
ML0284,Banglore
ML0285,Bangalore
ML0286,Bangalore
ML0287,Bangalore
ML0288,Noida
ML0289,Bangalore
ML0290,Bangalore
ML0291,Bangalore
ML0292,Jamshedpur
ML0293,Bangalore
ML0294,Mahé
ML0295,Pune
ML0296,Bangalore
ML0297,Delhi
ML0298,Banglore
ML0299,Bangalore
ML0300,Banglore
ML0301,Durg
ML0302,Bangalore
ML0303,Raigarh
ML0304,Bangalore
ML0305,Bangalore
ML0306,Durgapur
ML0307,Banglore
ML0308,Bangalore
ML0309,Bangalore
ML0310,Bangalore
ML0311,Noida
ML0312,Bangalore
ML0313,Bangalore
ML0314,Bangalore
ML0315,Jamshedpur
ML0316,Bangalore
ML0317,Mahé
ML0318,Pune
ML0319,Vasco Da Gama
ML0320,Tiruppur
ML0321,Ranchi
ML0322,Bangalore
ML0323,Vadodara
ML0324,Banglore
ML0325,Gorakhpur
ML0326,Bangalore
ML0327,Bangalore
ML0328,Bangalore
ML0329,Bangalore
ML0330,Bangalore
ML0331,Bangalore
ML0332,Hyderabad
ML0333,Bangalore
ML0334,Banglore
ML0335,Mysuru
ML0336,Bangalore
ML0337,Durg
ML0338,Rudrapur
ML0339,Bangalore
ML0340,Bangalore
ML0341,Bangalore
ML0342,Bangalore
ML0343,Coimbatore
ML0344,Mahé
ML0345,Bangalore
ML0346,Bangalore
ML0347,Chennai
ML0348,Bangalore
ML0349,Bangalore
ML0350,Bangalore
ML0351,Bangalore
ML0352,Coimbatore
ML0353,Bangalore
ML0354,Chennai
ML0355,Bangalore
ML0356,Bangalore
ML0357,Ranchi
ML0358,Bangalore
ML0359,Bangalore
ML0360,Bangalore
ML0361,Bangalore
ML0362,Bangalore
ML0363,Bangalore
ML0364,Bangalore
ML0365,Bangalore
ML0366,Namakkal
ML0367,Bangalore
ML0368,Bangalore
ML0369,Kannur
ML0370,Bangalore
ML0371,Kanpur
ML0372,Bangalore
ML0373,Bangalore
ML0374,Bangalore
ML0375,Bangalore
ML0376,Bangalore
ML0377,Bangalore
ML0378,Guwahati
ML0379,Shillong
ML0380,Bangalore
ML0381,Tirupati
ML0382,Bangalore
ML0383,Bangalore
ML0384,Noida
ML0385,Bangalore
ML0386,Walajapet
ML0387,Durg
ML0388,Hyderabad
ML0389,Bangalore
ML0390,Nagpur
ML0391,Kanpur
ML0392,Durgapur
